{"id": "mol.qc.h2o", "name": "Water", "formula": "H2O", "domain": ["quantum_chemistry"], "properties": ["geometry", "dipole moment", "vibrational frequencies"], "methods": ["HF", "MP2", "CCSD(T)", "B3LYP", "PBE"], "reference_energy_hartree": -76.438, "source": "NIST CCCBDB", "last_verified": "2025-12-03"}
{"id": "mol.qc.methane", "name": "Methane", "formula": "CH4", "domain": ["quantum_chemistry"], "properties": ["geometry", "IR spectra", "thermochemistry"], "methods": ["HF", "MP2", "B3LYP", "PBE"], "reference_energy_hartree": -40.515, "source": "G3 Benchmark", "last_verified": "2025-12-03"}
{"id": "mol.qc.co2", "name": "Carbon Dioxide", "formula": "CO2", "domain": ["quantum_chemistry"], "properties": ["geometry", "IR/Raman spectra", "bond lengths"], "methods": ["HF", "MP2", "CCSD(T)", "B3LYP", "TD-DFT"], "reference_energy_hartree": -188.978, "source": "NIST CCCBDB", "last_verified": "2025-12-03"}
{"id": "atom.qp.hydrogen", "name": "Hydrogen", "symbol": "H", "domain": ["quantum_physics"], "properties": ["energy levels", "atomic spectra"], "methods": ["TD-DFT", "Spectroscopy"], "reference_lines_nm": [121.6, 656.3], "source": "NIST ASD", "last_verified": "2025-12-03"}
{"id": "atom.qp.helium", "name": "Helium", "symbol": "He", "domain": ["quantum_physics"], "properties": ["spectral lines", "ionization energies"], "methods": ["TD-DFT", "Excited State Calculations"], "reference_lines_nm": [58.4, 108.3], "source": "NIST ASD", "last_verified": "2025-12-03"}
